{"cameraMode":{"drawMode":0,"name":"Shaded","section":"Shading Mode"},"sceneLighting":false,"audioPlay":false,"sceneViewState":{"showFog":true,"showMaterialUpdate":false,"showSkybox":true,"showFlares":true,"showImageEffects":true,"showParticleSystems":true},"in2DMode":false,"pivot":{"x":-1.3481862545013428,"y":1.1980096101760865,"z":-2.6780996322631838},"rotation":{"x":-0.027849918231368066,"y":-0.6451525092124939,"z":0.023293931037187578,"w":-0.7633219361305237},"size":5.841660022735596,"orthographic":false}